belly, tummy, 2
belly, pregnant belly, 1
belly, belly, 1
belly, stomach, 1
belly, pregnant, 2
belly, baby, 2
belly, bump, 2
belly, fetus, 1
belly, hapu, 1
microbes, cells, 1
microbes, antibody, 1
microbes, bacteria, 3
microbes, microorganism, 1
microbes, germs, 2
microbes, infection, 1
microbes, virus, 2
microbes, bugs?, 1
microbes, bugs, 1
RAM, memory chip, 1
RAM, computer memory, 1
RAM, memory, 1
RAM, ram, 1
RAM, cpu, 1
RAM, ?, 1
RAM, dongle, 1
RAM, memory card, 1
RAM, teeny tiny ant piano, 1
socket, plug, 2
socket, socket, 2
socket, powerpoint, 1
socket, tv, 1
socket, face, 2
socket, smiley (not smiling), 1
socket, sad, 1
socket, nearly creeper face, 1
laptop, laptop, 3
laptop, computer, 2
cup, cuppa, 1
cup, coffee, 2
cup, tea, 1
cup, coffee cup, 2
cup, cup, 3
cup, mug, 2
cup, tea cup, 1
cup, cup and saucer, 1
cup, breakfast cup, 1
violin, violin, 4
violin, cello, 2
violin, musical instrument, 2
violin, mandolin, 1
violin, viola, 1
violin, instrument, 1
eraser, no idea, 1
eraser, a toggle button?, 1
eraser, ?, 1
eraser, rubber, 1
eraser, eraser, 1
touchpad, touchpad, 1
touchpad, touchscreeen, 1
touchpad, touch, 1
touchpad, ipad, 1
touchpad, tablet, 3
touchpad, phone, 1
touchpad, touchscreen, 2
rave, concert, 2
rave, party, 2
rave, crowd, 3
rave, gig, 1
rave, audience, 1
rave, moshpit, 1
runners, running, 4
runners, exit, 1
runners, runners, 1
runners, team, 1
drink, drinks, 1
drink, cocktail, 2
drink, glass, 2
drink, drink, 2
drink, straw, 1
road, road, 2
road, highway, 2
road, bridge, 1
road, ladder, 1
road, train tracks, 1
road, street, 1
road, lane, 1
road, avenue, 1
alligator, crocodile, 4
alligator, alligator, 4
alligator, reptile, 1
car, car, 4
car, vehicle, 2
car, automobile, 2
car, old dunger, 1
car, hatchback, 1
peach, apple, 4
peach, fruit, 3
peach, red delicious, 1
peach, granny smith, 1
peach, mahana, 1
peach, aporo, 1
soldier, armed, 1
soldier, army, 1
soldier, soldier, 3
soldier, assasin, 1
soldier, gunman, 1
soldier, murder, 1
soldier, shooter, 1
soldier, rifleman, 1
soldier, militant, 1
soldier, criminal, 1
soldier, armed defender, 1
soldier, sniper, 1
soldier, killer, 1
people, group of people, 1
people, people, 4
people, crowd, 2
people, users, 1
people, group, 1
people, mob, 1
people, audience, 1
people, queue, 1
baby, baby, 4
baby, toddler, 1
baby, kid, 2
baby, child, 2
baby, crawling, 1
baby, crawl, 1
baby, infant, 1
baby, crawler, 1
baby, sprog, 1
sphere, sphere, 3
sphere, circle, 1
sphere, at&t, 1
sphere, ball, 2
sphere, telecommunications logo?, 1
sphere, globe, 1
thief, robber, 4
thief, thief, 4
thief, burglar, 1
thief, heist, 1
thief, money, 1
thief, cash, 1
flag, flag, 4
flag, pennant, 1
barrels, shield, 1
barrels, wtf, 1
barrels, beehive, 1
barrels, barrels, 2
barrels, 40 gallon drum, 1
barrels, drum, 1
cave, rock, 2
cave, cave, 2
cave, hole in the rock, 1
cave, arch, 2
sink, sink, 4
sink, basin, 2
sink, tap, 1
sink, baisin, 1
knife, knife, 2
knife, dagger, 2
knife, lipstick?, 1
knife, broken sword, 1
beach, beach, 2
beach, umbrella, 2
beach, sun, 1
beach, summer, 1
beach, sun umbrella, 1
beach, beach umbrella, 1
beach, sun shade, 1
beans, coffee bean, 1
beans, coffee, 1
beans, coffee beans, 2
beans, beans, 2
beans, legumes, 1
beans, broad beans, 1
dog, dog, 3
dog, mongrel, 1
dog, running, 1
dog, chasing, 1
dog, kangaroo, 1
dog, wallaby, 1
dog, wolf, 1
dog, canine, 1
dog, hound, 1
cattle, cow, 1
cattle, livestock, 1
cattle, cattle, 3
cattle, cows, 3
cattle, dairy farm, 1
cattle, farm, 1
cattle, stock, 1
cattle, herd, 1
cattle, beef, 1
cattle, angus, 1
cattle, bulls, 1
beetle, ladybug, 4
beetle, insect, 3
beetle, bug, 2
beetle, ladybird, 2
berries, berries, 3
berries, strawberry, 3
berries, blackberry, 1
berries, berry fruit, 1
berries, fruit, 1
berries, raspberry, 1
berries, summer fruit, 1
bench, bench, 4
bench, seat, 3
bench, park bench, 3
bench, garden bench, 1
tree, tree, 4
priest, priest, 3
priest, pastor, 2
priest, christian, 1
priest, necklace, 1
priest, crcuifix, 1
priest, cross, 1
priest, minister, 1
priest, nun, 1
priest, religious, 1
priest, god botherer, 1
flower, flower, 4
flower, rafflesi, 1
flower, lotus flower, 1
flower, petals, 1
flower, petunia, 1
flower, flora, 1
ship, boat, 3
ship, yatch, 1
ship, ship, 4
ship, sea, 1
ship, cruiseliner, 1
ship, tug boat, 1
ship, ferry, 1
ship, steamer, 1
boot, high top, 1
boot, shoe, 3
boot, boot, 3
boot, safety boot, 1
boot, work boot, 1
boot, doc martin, 1
rocks, rocks, 2
rocks, boulders, 1
rocks, ?, 1
rocks, rock, 1
rocks, boulder, 1
rocks, cliff, 1
wine, drinks, 1
wine, champagne, 1
wine, cheers, 3
wine, wine glasses, 1
wine, toast, 2
wine, wine, 1
wine, alcohol, 1
wine, booze, 1
wine, drink, 1
snack, tea, 1
snack, smoko, 1
snack, feed, 1
snack, tea and croissant, 1
snack, croissant and coffee, 1
snack, breakfast, 2
snack, i don't know what this is, 1
snack, coffee and croissant, 1
house, house, 4
house, home, 4
house, home page, 1
house, domicile, 1
house, habitat, 1
house, accommodation, 1
bat, bat, 3
bat, baseball, 1
bat, baseball ball, 1
bat, softball bat, 1
bat, baseball bat, 1
canoe, canoe, 4
canoe, kayak, 4
church, church, 4
church, cathedral, 2
money, money, 4
money, coin, 1
money, coins, 3
money, cash, 1
money, dollars, 1
money, dollar coins, 1
money, gold coins, 1
hen, chicken, 4
hen, rooster, 4
hen, bird, 1
hen, hen, 2
hen, chook, 1
city, city, 2
city, skyscrapers, 1
city, town, 1
city, buildings, 2
city, sky scrapers, 1
city, high-rise buildings, 1
city, cityscape, 1
city, skyscraper, 1
cook, cook, 4
cook, chef, 4
cook, woman, 1
cook, baker, 1
clothes, clothes, 4
clothes, clothing, 2
clothes, outfit, 1
clothes, gear, 1
couch, sofa, 3
couch, couch, 3
couch, chair, 2
couch, easy chair, 1
couch, arm chair, 1
cross, cross, 3
cross, christianity, 1
cross, fire hydrant, 1
woman, woman, 4
woman, girl, 2
woman, chick, 1
woman, lady, 3
woman, female, 1
plate, plate, 4
plate, dinner plate, 1
plate, crockery, 1
USB, usb stick, 4
USB, memory stick, 2
USB, flash drive, 1
USB, usb drive, 2
USB, thumb drive, 1
computer, computer, 2
computer, desktop, 1
computer, pc, 1
computer, remote, 2
computer, monitor, 2
computer, tv, 1
computer, teelvision, 1
computer, remote control, 1
Q60, phone, 2
Q60, mobile phone, 2
Q60, smartphone, 2
Q60, iphone, 2
Q60, cell phone, 1
Q60, smart phone, 1
nuke plant, nuclear power plant, 2
nuke plant, nuclear power, 1
nuke plant, steam, 1
nuke plant, towers, 1
nuke plant, chimneys, 1
nuke plant, smoke stack, 1
nuke plant, nuclear generator, 1
door, door, 4
door, open, 1
door, exit, 2
door, doorway, 1
door, entrance, 1
door, ajar, 1
kids, couple, 1
kids, holding hands, 1
kids, unisex, 1
kids, kids, 3
kids, children, 2
kids, siblings, 1
kids, family, 1
pigeon, eagle, 1
pigeon, bird, 4
pigeon, hawk, 1
pipe, plumbing, 4
pipe, pipes, 1
pipe, plumber, 1
pipe, bend, 1
pipe, pipe, 3
pipe, joint, 1
pipe, elbow bend, 1
drugs, pills, 4
drugs, meds, 1
drugs, drugs, 2
drugs, medicine, 2
drugs, tablets, 1
drugs, medication, 1
king, royal, 1
king, king, 2
king, queen, 2
king, electric chair, 1
king, death, 1
king, death sentence, 1
king, throne, 1
king, monarch, 1
king, ruler, 1
fireplace, fireplace, 1
fireplace, furnace, 1
fireplace, fire, 2
fireplace, bbq, 2
fireplace, table, 1
fireplace, ?, 1
fireplace, flammable, 1
fireplace, hot, 1
fireplace, barbecue, 1
frog, frog, 4
frog, kermit, 1
frog, retile, 1
frog, froggy, 1
frog, toad, 1
frog, amphibian, 1
bee, bee, 4
bee, honey, 1
bee, honeybee, 1
bee, buzzy bee, 1
bee, honey bee, 1
bee, bumble bee, 1
bee, insect, 1
mouse, rat, 2
mouse, mouse, 4
mouse, rodent, 2
mouse, gerbil, 1
mouse, hamster, 1
marijuana, weed, 3
marijuana, leaf, 2
marijuana, plant, 1
marijuana, marijuana, 1
marijuana, pot, 1
marijuana, cannibis, 1
snake, snake, 3
snake, serpent, 2
snake, worm, 1
snake, sperm, 1
snake, asp, 1
snake, adder, 1
snake, reptile, 1
rabbit, rabbit, 4
rabbit, bunny, 3
rabbit, hare, 2
jacket, jacket, 4
jacket, leather jacket, 2
jacket, motorcycle jacket, 1
cop, policeman, 4
cop, police officer, 3
cop, sheriff, 1
cop, cop, 1
cop, pig, 1
cop, security guard, 1
doctor, doctor, 4
doctor, gp, 2
doctor, specialist, 1
doctor, medical professional, 1
referee, referee, 1
referee, winning ticket, 1
referee, lottery ticket, 1
referee, horse racing ticket, 1
referee, person, 1
referee, icon, 1
referee, ticket, 1
referee, winner, 1
referee, lotto, 1
referee, chocolate wheel, 1
referee, lucky number, 1
gun, gun, 4
gun, pistol, 3
gun, handgun, 2
gun, revolver, 1
gun, weapon, 1
gun, semi-automatic, 1
cart, trolley, 4
cart, cart, 1
cart, shopping trolley, 1
cart, shopping cart, 1
axe, axe, 3
axe, hatchet, 2
axe, axes, 1
axe, wood splitter, 1
parking sp, disabled parking, 3
parking sp, accessible parking, 1
parking sp, parking, 1
parking sp, diabled parking, 1
parking sp, mobility park, 1
parking sp, wheelchair park, 1
cleaner, cleaner, 4
cleaner, dustman, 1
cleaner, caretaker, 1
cleaner, janitor, 1
athlete, soccer, 3
athlete, football player, 1
athlete, kick, 2
athlete, ball, 2
athlete, play, 1
athlete, player, 1
athlete, football, 1
athlete, athlete, 1
athlete, sportsman, 1
shoe, shoe, 4
shoe, loafer, 1
shoe, slip ons, 1
shoe, vans, 1
shoe, slip-on, 1
shoe, karate shoe, 1
shoe, slip on shoe, 1
shoe, boat shoe, 1
shoe, deck shoe, 1
shoe, slipper, 1
floppy, floppy disk, 2
floppy, save, 2
floppy, storage, 1
floppy, file space, 1
floppy, floppy disc, 1
floppy, 3.5 inch disc, 1
floppy, disc, 1
floppy, disk, 1
floppy, floppy, 1
floppy, 3.5" floppy, 1
router, modem, 2
router, router, 4
router, wifi, 1
router, wireless router, 1
branch, plant, 1
branch, flower, 2
branch, flowers, 1
branch, blossom, 2
branch, weed, 1
ocean, scenery, 1
ocean, landscape, 1
ocean, beach, 4
ocean, summer, 1
ocean, sun, 1
ocean, sea, 2
ocean, sunny, 1
ocean, weather, 1
artist, painter, 3
artist, artist, 4
artist, painting, 1
dunes, no idea, 1
dunes, wtf, 1
dunes, sand dunes, 2
dunes, desert, 2
dunes, ??, 1
dunes, sandhills, 1
robot, robot, 4
robot, android, 2
robot, machine, 1
robot, droid, 1
robot, metal mickey, 1
recycling, wheely bin, 1
recycling, rubbish bin, 3
recycling, recycling bin, 1
recycling, wheelie bin, 3
recycling, ribbish bin, 1
recycling, bin, 1
moth, bug, 1
moth, butterfly, 4
moth, insect, 2
moth, moth, 1
moth, monarch, 1
man, man, 4
man, bearded man, 1
man, guy, 3
man, ashton kutcher, 1
man, hipster, 1
man, person, 1
man, male, 1
man, beard, 1
man, whiskers, 1
factory, factory, 3
factory, industry, 1
factory, manufacturer, 2
factory, pollution, 1
factory, castle, 1
factory, workshop, 1
teacher, teaching, 1
teacher, teacher, 3
teacher, lecturer, 2
teacher, tutor, 1
teacher, teach, 1
teacher, presenter, 1
teacher, instructor, 1
teacher, whiteboard, 1
teacher, pointer, 1
programmer, techie, 1
programmer, geek, 2
programmer, computer guy, 2
programmer, it worker, 1
programmer, sys admin, 1
programmer, computer scientist, 1
programmer, computer geek, 1
programmer, computer user, 1
videogame, gaming, 1
videogame, pacman, 4
videogame, consoles, 1
videogame, game, 1
videogame, videogames, 1
videogame, computer game, 2
videogame, console, 1
videogame, ghost, 1
videogame, nintendo, 1
videogame, playstation, 1
dirt, dirt, 3
dirt, soil, 2
dirt, pile, 1
dirt, heap, 1
dirt, gravel, 1
dirt, clay, 1
dirt, sand, 1
Q45, cement, 3
Q45, plaster, 2
Q45, concrete, 1
Q45, pizza, 1
Q45, pizza slice, 1
Q45, grout, 1
Q45, mud, 1
Q45, filler, 1
Q45, bog, 1
Q45, mortar, 1
